Date;Heure;t;Lot;Condition;Nb_rep;Nb_vdt;Food;w;Diapause;Status;Keep;Comment;;;;;;;;;;;;;
18/06/2025;13:40;0;A;D1;1;1;3;13,2;0;J;Yes;;;;;;;;;;;;;;
18/06/2025;10:45;14;A;D1;1;1;3;47.6;0;J;Yes;;;;;;;;;;;;;;
18/06/2025;11:40;28;A;D1;1;1;3;144.5;0;J;Yes;;;;;;;;;;;;;;
18/06/2025;09:40;42;A;D1;1;1;3;342.1;0;J;Yes;;;;;;;;;;;;;;
18/06/2025;13:40;0;A;D2;1;2;1,5;8,2;0;J;Yes;;;;;;;;;;;;;;
18/06/2025;13:40;0;A;D2;1;2;1,5;10,8;0;J;Yes;;;;;;;;;;;;;;
18/06/2025;13:40;0;A;D2;2;2;1,5;10,9;0;J;Yes;;;;;;;;;;;;;;
18/06/2025;13:40;0;A;D2;2;2;1,5;10,6;0;J;Yes;;;;;;;;;;;;;;
18/06/2025;13:40;0;A;D2;3;2;1,5;5,9;0;J;Yes;;;;;;;;;;;;;;
18/06/2025;13:40;0;A;D2;3;2;1,5;12,5;0;J;Yes;;;;;;;;;;;;;;
18/06/2025;13:40;0;A;D2;4;2;1,5;12,5;0;J;Yes;;;;;;;;;;;;;;
18/06/2025;13:40;0;A;D2;4;2;1,5;12,4;0;J;Yes;;;;;;;;;;;;;;
18/06/2025;13:40;0;A;D5;1;5;0,6;9,9;0;J;Yes;;;;;;;;;;;;;;
18/06/2025;13:40;0;A;D5;1;5;0,6;11,2;0;J;Yes;;;;;;;;;;;;;;
18/06/2025;13:40;0;A;D5;1;5;0,6;13,3;0;J;Yes;;;;;;;;;;;;;;
18/06/2025;13:40;0;A;D5;1;5;0,6;8,7;0;J;Yes;;;;;;;;;;;;;;
18/06/2025;13:40;0;A;D5;1;5;0,6;12,8;0;J;Yes;;;;;;;;;;;;;;
18/06/2025;13:40;0;A;D5;2;5;0,6;11,2;0;J;Yes;;;;;;;;;;;;;;
18/06/2025;13:40;0;A;D5;2;5;0,6;10,9;0;J;Yes;;;;;;;;;;;;;;
18/06/2025;13:40;0;A;D5;2;5;0,6;8,7;0;J;Yes;;;;;;;;;;;;;;
18/06/2025;13:40;0;A;D5;2;5;0,6;13,8;0;J;Yes;;;;;;;;;;;;;;
18/06/2025;13:40;0;A;D5;2;5;0,6;8,5;0;J;Yes;;;;;;;;;;;;;;
18/06/2025;13:40;0;A;D5;3;5;0,6;10,8;0;J;Yes;;;;;;;;;;;;;;
18/06/2025;13:40;0;A;D5;3;5;0,6;8,7;0;J;Yes;;;;;;;;;;;;;;
18/06/2025;13:40;0;A;D5;3;5;0,6;12,1;0;J;Yes;;;;;;;;;;;;;;
18/06/2025;13:40;0;A;D5;3;5;0,6;11,7;0;J;Yes;;;;;;;;;;;;;;
18/06/2025;13:40;0;A;D5;3;5;0,6;10,6;0;J;Yes;;;;;;;;;;;;;;
18/06/2025;13:40;0;A;D5;4;5;0,6;10,1;0;J;Yes;;;;;;;;;;;;;;
18/06/2025;13:40;0;A;D5;4;5;0,6;8,9;0;J;Yes;;;;;;;;;;;;;;
18/06/2025;13:40;0;A;D5;4;5;0,6;10,3;0;J;Yes;;;;;;;;;;;;;;
18/06/2025;13:40;0;A;D5;4;5;0,6;12,3;0;J;Yes;;;;;;;;;;;;;;
18/06/2025;13:40;0;A;D5;4;5;0,6;8,9;0;J;Yes;;;;;;;;;;;;;;
18/06/2025;13:40;0;A;D7;1;7;0,428571429;10,1;0;J;Yes;;;;;;;;;;;;;;
18/06/2025;13:40;0;A;D7;1;7;0,428571429;10,3;0;J;Yes;;;;;;;;;;;;;;
18/06/2025;13:40;0;A;D7;1;7;0,428571429;11,6;0;J;Yes;;;;;;;;;;;;;;
18/06/2025;13:40;0;A;D7;1;7;0,428571429;13,8;0;J;Yes;;;;;;;;;;;;;;
18/06/2025;13:40;0;A;D7;1;7;0,428571429;6;0;J;Yes;;;;;;;;;;;;;;
18/06/2025;13:40;0;A;D7;1;7;0,428571429;11,2;0;J;Yes;;;;;;;;;;;;;;
18/06/2025;13:40;0;A;D7;1;7;0,428571429;9,3;0;J;Yes;;;;;;;;;;;;;;
18/06/2025;13:40;0;A;D7;2;7;0,428571429;12,8;0;J;Yes;;;;;;;;;;;;;;
18/06/2025;13:40;0;A;D7;2;7;0,428571429;11,8;0;J;Yes;;;;;;;;;;;;;;
18/06/2025;13:40;0;A;D7;2;7;0,428571429;10,8;0;J;Yes;;;;;;;;;;;;;;
18/06/2025;13:40;0;A;D7;2;7;0,428571429;10,5;0;J;Yes;;;;;;;;;;;;;;
18/06/2025;13:40;0;A;D7;2;7;0,428571429;4,3;0;J;Yes;;;;;;;;;;;;;;
18/06/2025;13:40;0;A;D7;2;7;0,428571429;10,6;0;J;Yes;;;;;;;;;;;;;;
18/06/2025;13:40;0;A;D7;2;7;0,428571429;9,5;0;J;Yes;;;;;;;;;;;;;;
18/06/2025;13:40;0;A;D7;3;7;0,428571429;12,1;0;J;Yes;;;;;;;;;;;;;;
18/06/2025;13:40;0;A;D7;3;7;0,428571429;4,3;0;J;Yes;;;;;;;;;;;;;;
18/06/2025;13:40;0;A;D7;3;7;0,428571429;14,1;0;J;Yes;;;;;;;;;;;;;;
18/06/2025;13:40;0;A;D7;3;7;0,428571429;11,2;0;J;Yes;;;;;;;;;;;;;;
18/06/2025;13:40;0;A;D7;3;7;0,428571429;7,9;0;J;Yes;;;;;;;;;;;;;;
18/06/2025;13:40;0;A;D7;3;7;0,428571429;8,8;0;J;Yes;;;;;;;;;;;;;;
18/06/2025;13:40;0;A;D7;3;7;0,428571429;15;0;J;Yes;;;;;;;;;;;;;;
18/06/2025;13:40;0;A;D7;4;7;0,428571429;10,1;0;J;Yes;;;;;;;;;;;;;;
18/06/2025;13:40;0;A;D7;4;7;0,428571429;8,9;0;J;Yes;;;;;;;;;;;;;;
18/06/2025;13:40;0;A;D7;4;7;0,428571429;8,3;0;J;Yes;;;;;;;;;;;;;;
18/06/2025;13:40;0;A;D7;4;7;0,428571429;8,6;0;J;Yes;;;;;;;;;;;;;;
18/06/2025;13:40;0;A;D7;4;7;0,428571429;10,2;0;J;Yes;;;;;;;;;;;;;;
18/06/2025;13:40;0;A;D7;4;7;0,428571429;8;0;J;Yes;;;;;;;;;;;;;;
18/06/2025;13:40;0;A;D7;4;7;0,428571429;10;0;J;Yes;;;;;;;;;;;;;;
18/06/2025;13:40;0;A;D2b;1;2;3;12;0;J;Yes;;;;;;;;;;;;;;
18/06/2025;13:40;0;A;D2b;1;2;3;7,4;0;J;Yes;;;;;;;;;;;;;;
18/06/2025;13:40;0;A;D2b;2;2;3;7,7;0;J;Yes;;;;;;;;;;;;;;
18/06/2025;13:40;0;A;D2b;2;2;3;11,2;0;J;Yes;;;;;;;;;;;;;;
18/06/2025;13:40;0;A;D2b;3;2;3;7,2;0;J;Yes;;;;;;;;;;;;;;
18/06/2025;13:40;0;A;D2b;3;2;3;12,8;0;J;Yes;;;;;;;;;;;;;;
18/06/2025;13:40;0;A;D2b;4;2;3;5,2;0;J;Yes;;;;;;;;;;;;;;
18/06/2025;13:40;0;A;D2b;4;2;3;9,8;0;J;Yes;;;;;;;;;;;;;;
02/07/2025;09:40;56;A;D1;1;1;3;658.2;0;SA;Yes;;;;;;;;;;;;;;
02/07/2025;10:40;70;A;D1;1;1;3;850.5;0;SA;Yes;;;;;;;;;;;;;;
02/07/2025;09:40;84;A;D1;1;1;3;1121,5;0;A;Yes;Not found;;;;;;;;;;;;;
02/07/2025;14:00;98;A;D1;1;1;3;1493,4;0;A;Yes;;;;;;;;;;;;;;
02/07/2025;10:45;14;A;D2;1;2;1,5;36.7;0;J;Yes;;;;;;;;;;;;;;
02/07/2025;10:45;14;A;D2;1;2;1,5;;0;J;Yes;Not found;;;;;;;;;;;;;
02/07/2025;10:45;14;A;D2;2;2;1,5;34.0;0;J;Yes;;;;;;;;;;;;;;
02/07/2025;10:45;14;A;D2;2;2;1,5;37.2;0;J;Yes;;;;;;;;;;;;;;
02/07/2025;10:45;14;A;D2;3;2;1,5;34.0;0;J;Yes;;;;;;;;;;;;;;
02/07/2025;10:45;14;A;D2;3;2;1,5;12.4;0;J;Yes;;;;;;;;;;;;;;
02/07/2025;10:45;14;A;D2;4;2;1,5;49.0;0;J;Yes;;;;;;;;;;;;;;
02/07/2025;10:45;14;A;D2;4;2;1,5;41.7;0;J;Yes;;;;;;;;;;;;;;
02/07/2025;10:45;14;A;D5;1;5;0,6;29.2;0;J;Yes;;;;;;;;;;;;;;
02/07/2025;10:45;14;A;D5;1;5;0,6;49.8;0;J;Yes;;;;;;;;;;;;;;
02/07/2025;10:45;14;A;D5;1;5;0,6;46.0;0;J;Yes;;;;;;;;;;;;;;
02/07/2025;10:45;14;A;D5;1;5;0,6;34.8;0;J;Yes;;;;;;;;;;;;;;
02/07/2025;10:45;14;A;D5;1;5;0,6;49.7;0;J;Yes;;;;;;;;;;;;;;
02/07/2025;10:45;14;A;D5;2;5;0,6;35.5;0;J;Yes;;;;;;;;;;;;;;
02/07/2025;10:45;14;A;D5;2;5;0,6;44.4;0;J;Yes;;;;;;;;;;;;;;
02/07/2025;10:45;14;A;D5;2;5;0,6;37.6;0;J;Yes;;;;;;;;;;;;;;
02/07/2025;10:45;14;A;D5;2;5;0,6;50.5;0;J;Yes;;;;;;;;;;;;;;
02/07/2025;10:45;14;A;D5;2;5;0,6;33.4;0;J;Yes;;;;;;;;;;;;;;
02/07/2025;10:45;14;A;D5;3;5;0,6;35.3;0;J;Yes;;;;;;;;;;;;;;
02/07/2025;10:45;14;A;D5;3;5;0,6;34.7;0;J;Yes;;;;;;;;;;;;;;
02/07/2025;10:45;14;A;D5;3;5;0,6;36.3;0;J;Yes;;;;;;;;;;;;;;
02/07/2025;10:45;14;A;D5;3;5;0,6;24.1;0;J;Yes;;;;;;;;;;;;;;
02/07/2025;10:45;14;A;D5;3;5;0,6;28.6;0;J;Yes;;;;;;;;;;;;;;
02/07/2025;10:45;14;A;D5;4;5;0,6;41.0;0;J;Yes;;;;;;;;;;;;;;
02/07/2025;10:45;14;A;D5;4;5;0,6;26.3;0;J;Yes;;;;;;;;;;;;;;
02/07/2025;10:45;14;A;D5;4;5;0,6;35.7;0;J;Yes;;;;;;;;;;;;;;
02/07/2025;10:45;14;A;D5;4;5;0,6;42.0;0;J;Yes;;;;;;;;;;;;;;
02/07/2025;10:45;14;A;D5;4;5;0,6;31.3;0;J;Yes;;;;;;;;;;;;;;
02/07/2025;10:45;14;A;D7;1;6;0,5;42.3;0;J;No;;;;;;;;;;;;;;
02/07/2025;10:45;14;A;D7;1;6;0,5;45.6;0;J;No;;;;;;;;;;;;;;
02/07/2025;10:45;14;A;D7;1;6;0,5;42.3;0;J;No;;;;;;;;;;;;;;
02/07/2025;10:45;14;A;D7;1;6;0,5;35.1;0;J;No;;;;;;;;;;;;;;
02/07/2025;10:45;14;A;D7;1;6;0,5;35.3;0;J;No;;;;;;;;;;;;;;
02/07/2025;10:45;14;A;D7;1;6;0,5;39.1;0;J;No;;;;;;;;;;;;;;
02/07/2025;10:45;14;A;D7;1;6;0,5;;0;D;No;;;;;;;;;;;;;;
02/07/2025;10:45;14;A;D7;2;7;0,428571429;50.5;0;J;No;;;;;;;;;;;;;;
02/07/2025;10:45;14;A;D7;2;7;0,428571429;42.9;0;J;No;;;;;;;;;;;;;;
02/07/2025;10:45;14;A;D7;2;7;0,428571429;32.6;0;J;No;;;;;;;;;;;;;;
02/07/2025;10:45;14;A;D7;2;7;0,428571429;37.3;0;J;No;;;;;;;;;;;;;;
02/07/2025;10:45;14;A;D7;2;7;0,428571429;31.0;0;J;No;;;;;;;;;;;;;;
02/07/2025;10:45;14;A;D7;2;7;0,428571429;38.2;0;J;No;;;;;;;;;;;;;;
02/07/2025;10:45;14;A;D7;2;7;0,428571429;;0;J;No;Not found;;;;;;;;;;;;;
02/07/2025;10:45;14;A;D7;3;7;0,428571429;51.4;0;J;Yes;;;;;;;;;;;;;;
02/07/2025;10:45;14;A;D7;3;7;0,428571429;28.1;0;J;Yes;;;;;;;;;;;;;;
02/07/2025;10:45;14;A;D7;3;7;0,428571429;39.2;0;J;Yes;;;;;;;;;;;;;;
02/07/2025;10:45;14;A;D7;3;7;0,428571429;10;0;J;Yes;;;;;;;;;;;;;;
02/07/2025;10:45;14;A;D7;3;7;0,428571429;33.3;0;J;Yes;;;;;;;;;;;;;;
02/07/2025;10:45;14;A;D7;3;7;0,428571429;62.3;0;J;Yes;;;;;;;;;;;;;;
02/07/2025;10:45;14;A;D7;3;7;0,428571429;42.2;0;J;Yes;;;;;;;;;;;;;;
02/07/2025;10:45;14;A;D7;4;7;0,428571429;27.7;0;J;Yes;;;;;;;;;;;;;;
02/07/2025;10:45;14;A;D7;4;7;0,428571429;39.4;0;J;Yes;;;;;;;;;;;;;;
02/07/2025;10:45;14;A;D7;4;7;0,428571429;26.9;0;J;Yes;;;;;;;;;;;;;;
02/07/2025;10:45;14;A;D7;4;7;0,428571429;35.9;0;J;Yes;;;;;;;;;;;;;;
02/07/2025;10:45;14;A;D7;4;7;0,428571429;28.3;0;J;Yes;;;;;;;;;;;;;;
02/07/2025;10:45;14;A;D7;4;7;0,428571429;27.1;0;J;Yes;;;;;;;;;;;;;;
02/07/2025;10:45;14;A;D7;4;7;0,428571429;27.1;0;J;Yes;;;;;;;;;;;;;;
02/07/2025;10:45;14;A;D2b;1;2;3;24.4;0;J;Yes;;;;;;;;;;;;;;
02/07/2025;10:45;14;A;D2b;1;2;3;29.6;0;J;Yes;;;;;;;;;;;;;;
02/07/2025;10:45;14;A;D2b;2;1;6;42.3;0;J;No;;;;;;;;;;;;;;
02/07/2025;10:45;14;A;D2b;2;1;6;;0;D;No;;;;;;;;;;;;;;
02/07/2025;10:45;14;A;D2b;3;1;6;49.3;0;J;No;;;;;;;;;;;;;;
02/07/2025;10:45;14;A;D2b;3;1;6;;0;D;No;;;;;;;;;;;;;;
02/07/2025;10:45;14;A;D2b;4;2;3;43.9;0;J;Yes;;;;;;;;;;;;;;
02/07/2025;10:45;14;A;D2b;4;2;3;19.0;0;J;Yes ;;;;;;;;;;;;;;
16/07/2025;10:00;112;A;D1;1;1;3;1903.2;0;A;Yes;;;;;;;;;;;;;;
16/07/2025;10:00;126;A;D1;1;1;3;1797.4;0;A;No;;;;;;;;;;;;;;
16/07/2025;14:00;140;A;D1;1;1;3;1556.9;0;A;No;;;;;;;;;;;;;;
16/07/2025;10:00;154;A;D1;1;1;3;2302.9;0;A;No;;;;;;;;;;;;;;
16/07/2025;11:40;28;A;D2;1;2;1,5;87.9;0;J;Yes;;;;;;;;;;;;;;
16/07/2025;11:40;28;A;D2;1;2;1,5;78.9;0;J;Yes;;;;;;;;;;;;;;
16/07/2025;11:40;28;A;D2;2;2;1,5;91.4;0;J;Yes;;;;;;;;;;;;;;
16/07/2025;11:40;28;A;D2;2;2;1,5;94.5;0;J;Yes;;;;;;;;;;;;;;
16/07/2025;11:40;28;A;D2;3;2;1,5;87.6;0;J;Yes;;;;;;;;;;;;;;
16/07/2025;11:40;28;A;D2;3;2;1,5;32.4;0;J;Yes;;;;;;;;;;;;;;
16/07/2025;11:40;28;A;D2;4;2;1,5;99.7;0;J;Yes;;;;;;;;;;;;;;
16/07/2025;11:40;28;A;D2;4;2;1,5;98.3;0;J;Yes;;;;;;;;;;;;;;
16/07/2025;11:40;28;A;D5;1;5;0,6;162.6;0;J;Yes;;;;;;;;;;;;;;
16/07/2025;11:40;28;A;D5;1;5;0,6;143.9;0;J;Yes;;;;;;;;;;;;;;
16/07/2025;11:40;28;A;D5;1;5;0,6;138.9;0;J;Yes;;;;;;;;;;;;;;
16/07/2025;11:40;28;A;D5;1;5;0,6;97.9;0;J;Yes;;;;;;;;;;;;;;
16/07/2025;11:40;28;A;D5;1;5;0,6;87.6;0;J;Yes;;;;;;;;;;;;;;
16/07/2025;11:40;28;A;D5;2;5;0,6;102.5;0;J;Yes;;;;;;;;;;;;;;
16/07/2025;11:40;28;A;D5;2;5;0,6;108.2;0;J;Yes;;;;;;;;;;;;;;
16/07/2025;11:40;28;A;D5;2;5;0,6;98.3;0;J;Yes;;;;;;;;;;;;;;
16/07/2025;11:40;28;A;D5;2;5;0,6;88.8;0;J;Yes;;;;;;;;;;;;;;
16/07/2025;11:40;28;A;D5;2;5;0,6;96.2;0;J;Yes;;;;;;;;;;;;;;
16/07/2025;11:40;28;A;D5;3;5;0,6;84.1;0;J;Yes;;;;;;;;;;;;;;
16/07/2025;11:40;28;A;D5;3;5;0,6;78.3;0;J;Yes;;;;;;;;;;;;;;
16/07/2025;11:40;28;A;D5;3;5;0,6;57.0;0;J;Yes;;;;;;;;;;;;;;
16/07/2025;11:40;28;A;D5;3;5;0,6;71.8;0;J;Yes;;;;;;;;;;;;;;
16/07/2025;11:40;28;A;D5;3;5;0,6;86.6;0;J;Yes;;;;;;;;;;;;;;
16/07/2025;11:40;28;A;D5;4;5;0,6;84.5;0;J;Yes;;;;;;;;;;;;;;
16/07/2025;11:40;28;A;D5;4;5;0,6;97.6;0;J;Yes;;;;;;;;;;;;;;
16/07/2025;11:40;28;A;D5;4;5;0,6;116.4;0;J;Yes;;;;;;;;;;;;;;
16/07/2025;11:40;28;A;D5;4;5;0,6;60.1;0;J;Yes;;;;;;;;;;;;;;
16/07/2025;11:40;28;A;D5;4;5;0,6;60.0;0;J;Yes;;;;;;;;;;;;;;
16/07/2025;11:40;28;A;D7;1;6;0,5;96.4;0;J;No;;;;;;;;;;;;;;
16/07/2025;11:40;28;A;D7;1;6;0,5;102.1;0;J;No;;;;;;;;;;;;;;
16/07/2025;11:40;28;A;D7;1;6;0,5;123.0;0;J;No;;;;;;;;;;;;;;
16/07/2025;11:40;28;A;D7;1;6;0,5;82.3;0;J;No;;;;;;;;;;;;;;
16/07/2025;11:40;28;A;D7;1;6;0,5;108.6;0;J;No;;;;;;;;;;;;;;
16/07/2025;11:40;28;A;D7;1;6;0,5;106.0;0;J;No;;;;;;;;;;;;;;
16/07/2025;11:40;28;A;D7;1;6;0,5;;0;D;No;;;;;;;;;;;;;;
16/07/2025;11:40;0;B;D7;1;7;0,428571429;11.1;0;J;Yes;;;;;;;;;;;;;;
16/07/2025;11:40;0;B;D7;1;7;0,428571429;15.7;0;J;Yes;;;;;;;;;;;;;;
16/07/2025;11:40;0;B;D7;1;7;0,428571429;11.2;0;J;Yes;;;;;;;;;;;;;;
16/07/2025;11:40;0;B;D7;1;7;0,428571429;7.3;0;J;Yes;;;;;;;;;;;;;;
16/07/2025;11:40;0;B;D7;1;7;0,428571429;9.1;0;J;Yes;;;;;;;;;;;;;;
16/07/2025;11:40;0;B;D7;1;7;0,428571429;13.5;0;J;Yes;;;;;;;;;;;;;;
16/07/2025;11:40;0;B;D7;1;7;0,428571429;10.6;0;J;Yes;;;;;;;;;;;;;;
16/07/2025;11:40;28;A;D7;2;7;0,428571429;131.9;0;J;Yes;;;;;;;;;;;;;;
16/07/2025;11:40;28;A;D7;2;7;0,428571429;73.1;0;J;Yes;;;;;;;;;;;;;;
16/07/2025;11:40;28;A;D7;2;7;0,428571429;88.6;0;J;Yes;;;;;;;;;;;;;;
16/07/2025;11:40;28;A;D7;2;7;0,428571429;85.3;0;J;Yes;;;;;;;;;;;;;;
16/07/2025;11:40;28;A;D7;2;7;0,428571429;88.5;0;J;Yes;;;;;;;;;;;;;;
16/07/2025;11:40;28;A;D7;2;7;0,428571429;111.1;0;J;Yes;;;;;;;;;;;;;;
16/07/2025;11:40;28;A;D7;2;7;0,428571429;16.8;0;J;Yes;;;;;;;;;;;;;;
16/07/2025;11:40;28;A;D7;3;7;0,428571429;105.1;0;J;Yes;;;;;;;;;;;;;;
16/07/2025;11:40;28;A;D7;3;7;0,428571429;111.3;0;J;Yes;;;;;;;;;;;;;;
16/07/2025;11:40;28;A;D7;3;7;0,428571429;29.4;0;J;Yes;;;;;;;;;;;;;;
16/07/2025;11:40;28;A;D7;3;7;0,428571429;96.0;0;J;Yes;;;;;;;;;;;;;;
16/07/2025;11:40;28;A;D7;3;7;0,428571429;60.2;0;J;Yes;;;;;;;;;;;;;;
16/07/2025;11:40;28;A;D7;3;7;0,428571429;89.6;0;J;Yes;;;;;;;;;;;;;;
16/07/2025;11:40;28;A;D7;3;7;0,428571429;77.2;0;J;Yes;;;;;;;;;;;;;;
16/07/2025;11:40;28;A;D7;4;7;0,428571429;66.6;0;J;Yes;;;;;;;;;;;;;;
16/07/2025;11:40;28;A;D7;4;7;0,428571429;64.1;0;J;Yes;;;;;;;;;;;;;;
16/07/2025;11:40;28;A;D7;4;7;0,428571429;97.9;0;J;Yes;;;;;;;;;;;;;;
16/07/2025;11:40;28;A;D7;4;7;0,428571429;72.7;0;J;Yes;;;;;;;;;;;;;;
16/07/2025;11:40;28;A;D7;4;7;0,428571429;68.6;0;J;Yes;;;;;;;;;;;;;;
16/07/2025;11:40;28;A;D7;4;7;0,428571429;98.1;0;J;Yes;;;;;;;;;;;;;;
16/07/2025;11:40;28;A;D7;4;7;0,428571429;75.7;0;J;Yes;;;;;;;;;;;;;;
16/07/2025;11:40;28;A;D2b;1;1;6;70.0;0;J;No;;;;;;;;;;;;;;
16/07/2025;11:40;28;A;D2b;1;1;6;;0;D;No;;;;;;;;;;;;;;
16/07/2025;11:40;28;A;D2b;2;1;6;106.8;0;J;No;;;;;;;;;;;;;;
16/07/2025;11:40;28;A;D2b;2;1;6;;0;D;No;;;;;;;;;;;;;;
16/07/2025;11:40;28;A;D2b;3;1;6;106.8;0;J;No;;;;;;;;;;;;;;
16/07/2025;11:40;28;A;D2b;3;1;6;;0;D;No;;;;;;;;;;;;;;
16/07/2025;11:40;0;B;D2b;1;2;3;7.8;0;J;Yes;;;;;;;;;;;;;;
16/07/2025;11:40;0;B;D2b;1;2;3;11.9;0;J;Yes;;;;;;;;;;;;;;
16/07/2025;11:40;0;B;D2b;2;2;3;10.9;0;J;Yes;;;;;;;;;;;;;;
16/07/2025;11:40;0;B;D2b;2;2;3;16.5;0;J;Yes;;;;;;;;;;;;;;
16/07/2025;11:40;0;B;D2b;3;2;3;7.6;0;J;Yes;;;;;;;;;;;;;;
16/07/2025;11:40;0;B;D2b;3;2;3;11.4;0;J;Yes;;;;;;;;;;;;;;
16/07/2025;11:40;28;A;D2b;4;2;3;114.4;0;J;Yes;;;;;;;;;;;;;;
16/07/2025;11:40;28;A;D2b;4;2;3;57.1;0;J;Yes;;;;;;;;;;;;;;
30/07/2025;13:40;0;A;D1;2;1;3;10,8;0;J;Yes;;;;;;;;;;;;;;
30/07/2025;10:45;14;A;D1;2;1;3;43.6;0;J;Yes;;;;;;;;;;;;;;
30/07/2025;11:40;28;A;D1;2;1;3;117.8;0;J;Yes;Not found;;;;;;;;;;;;;
30/07/2025;09:40;42;A;D1;2;1;3;226.5;0;J;Yes;;;;;;;;;;;;;;
30/07/2025;09:40;42;A;D2;1;2;1,5;178.8;0;J;Yes;;;;;;;;;;;;;;
30/07/2025;09:40;42;A;D2;1;2;1,5;194.6;0;J;Yes;;;;;;;;;;;;;;
30/07/2025;09:40;42;A;D2;2;2;1,5;175.4;0;J;Yes;;;;;;;;;;;;;;
30/07/2025;09:40;42;A;D2;2;2;1,5;200.4;0;J;Yes;;;;;;;;;;;;;;
30/07/2025;09:40;42;A;D2;3;2;1,5;150.7;0;J;Yes;;;;;;;;;;;;;;
30/07/2025;09:40;42;A;D2;3;2;1,5;76.5;0;J;Yes;;;;;;;;;;;;;;
30/07/2025;09:40;42;A;D2;4;2;1,5;252.3;0;J;Yes;;;;;;;;;;;;;;
30/07/2025;09:40;42;A;D2;4;2;1,5;256.2;0;J;Yes;;;;;;;;;;;;;;
30/07/2025;09:40;42;A;D5;1;5;0,6;185.2;0;J;Yes;;;;;;;;;;;;;;
30/07/2025;09:40;42;A;D5;1;5;0,6;209.4;0;J;Yes;;;;;;;;;;;;;;
30/07/2025;09:40;42;A;D5;1;5;0,6;262.1;0;J;Yes;;;;;;;;;;;;;;
30/07/2025;09:40;42;A;D5;1;5;0,6;240.3;0;J;Yes;;;;;;;;;;;;;;
30/07/2025;09:40;42;A;D5;1;5;0,6;164.8;0;J;Yes;;;;;;;;;;;;;;
30/07/2025;09:40;42;A;D5;2;5;0,6;186.0;0;J;Yes;;;;;;;;;;;;;;
30/07/2025;09:40;42;A;D5;2;5;0,6;195.9;0;J;Yes;;;;;;;;;;;;;;
30/07/2025;09:40;42;A;D5;2;5;0,6;176.1;0;J;Yes;;;;;;;;;;;;;;
30/07/2025;09:40;42;A;D5;2;5;0,6;219.2;0;J;Yes;;;;;;;;;;;;;;
30/07/2025;09:40;42;A;D5;2;5;0,6;198.4;0;J;Yes;;;;;;;;;;;;;;
30/07/2025;09:40;42;A;D5;3;5;0,6;205.3;0;J;Yes;;;;;;;;;;;;;;
30/07/2025;09:40;42;A;D5;3;5;0,6;156.5;0;J;Yes;;;;;;;;;;;;;;
30/07/2025;09:40;42;A;D5;3;5;0,6;126.1;0;J;Yes;;;;;;;;;;;;;;
30/07/2025;09:40;42;A;D5;3;5;0,6;141.4;0;J;Yes;;;;;;;;;;;;;;
30/07/2025;09:40;42;A;D5;3;5;0,6;217.7;0;J;Yes;;;;;;;;;;;;;;
30/07/2025;09:40;42;A;D5;4;5;0,6;194.8;0;J;Yes;;;;;;;;;;;;;;
30/07/2025;09:40;42;A;D5;4;5;0,6;153.4;0;J;Yes;;;;;;;;;;;;;;
30/07/2025;09:40;42;A;D5;4;5;0,6;205.4;0;J;Yes;;;;;;;;;;;;;;
30/07/2025;09:40;42;A;D5;4;5;0,6;156.0;0;J;Yes;;;;;;;;;;;;;;
30/07/2025;09:40;42;A;D5;4;5;0,6;120.6;0;J;Yes;;;;;;;;;;;;;;
30/07/2025;09:40;14;B;D7;1;6;0,5;32.0;0;J;No;;;;;;;;;;;;;;
30/07/2025;09:40;14;B;D7;1;6;0,5;27.7;0;J;No;;;;;;;;;;;;;;
30/07/2025;09:40;14;B;D7;1;6;0,5;20.8;0;J;No;;;;;;;;;;;;;;
30/07/2025;09:40;14;B;D7;1;6;0,5;31.3;0;J;No;;;;;;;;;;;;;;
30/07/2025;09:40;14;B;D7;1;6;0,5;37.9;0;J;No;;;;;;;;;;;;;;
30/07/2025;09:40;14;B;D7;1;6;0,5;;0;J;No;Pas trouvé;;;;;;;;;;;;;
30/07/2025;09:40;14;B;D7;1;6;0,5;;0;D;No;;;;;;;;;;;;;;
30/07/2025;09:40;42;A;D7;2;7;0,428571429;177.6;0;J;Yes;;;;;;;;;;;;;;
30/07/2025;09:40;42;A;D7;2;7;0,428571429;183.0;0;J;Yes;;;;;;;;;;;;;;
30/07/2025;09:40;42;A;D7;2;7;0,428571429;145.0;0;J;Yes;;;;;;;;;;;;;;
30/07/2025;09:40;42;A;D7;2;7;0,428571429;41.7;0;J;Yes;;;;;;;;;;;;;;
30/07/2025;09:40;42;A;D7;2;7;0,428571429;219.1;0;J;Yes;;;;;;;;;;;;;;
30/07/2025;09:40;42;A;D7;2;7;0,428571429;208.7;0;J;Yes;;;;;;;;;;;;;;
30/07/2025;09:40;42;A;D7;2;7;0,428571429;158.1;0;J;Yes;;;;;;;;;;;;;;
30/07/2025;09:40;42;A;D7;3;7;0,428571429;198.7;0;J;Yes;;;;;;;;;;;;;;
30/07/2025;09:40;42;A;D7;3;7;0,428571429;53.6;0;J;Yes;;;;;;;;;;;;;;
30/07/2025;09:40;42;A;D7;3;7;0,428571429;120.3;0;J;Yes;;;;;;;;;;;;;;
30/07/2025;09:40;42;A;D7;3;7;0,428571429;167.3;0;J;Yes;;;;;;;;;;;;;;
30/07/2025;09:40;42;A;D7;3;7;0,428571429;207.2;0;J;Yes;;;;;;;;;;;;;;
30/07/2025;09:40;42;A;D7;3;7;0,428571429;127.6;0;J;Yes;;;;;;;;;;;;;;
30/07/2025;09:40;42;A;D7;3;7;0,428571429;161.1;0;J;Yes;;;;;;;;;;;;;;
30/07/2025;09:40;42;A;D7;4;7;0,428571429;138.8;0;J;Yes;;;;;;;;;;;;;;
30/07/2025;09:40;42;A;D7;4;7;0,428571429;103.3;0;J;Yes;;;;;;;;;;;;;;
30/07/2025;09:40;42;A;D7;4;7;0,428571429;140.0;0;J;Yes;;;;;;;;;;;;;;
30/07/2025;09:40;42;A;D7;4;7;0,428571429;181.6;0;J;Yes;;;;;;;;;;;;;;
30/07/2025;09:40;42;A;D7;4;7;0,428571429;213.5;0;J;Yes;;;;;;;;;;;;;;
30/07/2025;09:40;42;A;D7;4;7;0,428571429;157.8;0;J;Yes;;;;;;;;;;;;;;
30/07/2025;09:40;42;A;D7;4;7;0,428571429;155.3;0;J;Yes;;;;;;;;;;;;;;
30/07/2025;09:40;14;B;D2b;1;1;6;20.0;0;J;No;;;;;;;;;;;;;;
30/07/2025;09:40;14;B;D2b;1;1;6;;0;D;No;;;;;;;;;;;;;;
30/07/2025;09:40;14;B;D2b;2;0;;;0;J;No;Not found;;;;;;;;;;;;;
30/07/2025;09:40;14;B;D2b;2;0;;;0;D;No;;;;;;;;;;;;;;
30/07/2025;09:40;14;B;D2b;3;2;3;29.2;0;J;Yes;;;;;;;;;;;;;;
30/07/2025;09:40;14;B;D2b;3;2;3;34.2;0;J;Yes;;;;;;;;;;;;;;
30/07/2025;09:40;42;A;D2b;4;2;3;146.8;0;J;Yes;;;;;;;;;;;;;;
30/07/2025;09:40;42;A;D2b;4;2;3;99.7;0;J;Yes;;;;;;;;;;;;;;
13/08/2025;09:40;56;A;D1;2;1;3;412.5;0;SA;Yes;;;;;;;;;;;;;;
13/08/2025;10:40;70;A;D1;2;1;3;354.3;0;DiaC;No;;;;;;;;;;;;;;
13/08/2025;13:40;0;A;D1;3;1;3;10,4;0;J;Yes;;;;;;;;;;;;;;
13/08/2025;10:45;14;A;D1;3;1;3;;0;J;Yes;;;;;;;;;;;;;;
13/08/2025;09:40;56;A;D2;1;2;1,5;388.9;0;SA;Yes;;;;;;;;;;;;;;
13/08/2025;09:40;56;A;D2;1;2;1,5;354.8;0;SA;Yes;;;;;;;;;;;;;;
13/08/2025;09:40;56;A;D2;2;2;1,5;366.5;0;SA;Yes;;;;;;;;;;;;;;
13/08/2025;09:40;56;A;D2;2;2;1,5;376.8;0;SA;Yes;;;;;;;;;;;;;;
13/08/2025;09:40;56;A;D2;3;2;1,5;240.8;0;SA;Yes;;;;;;;;;;;;;;
13/08/2025;09:40;56;A;D2;3;2;1,5;137.3;0;SA;Yes;;;;;;;;;;;;;;
13/08/2025;09:40;56;A;D2;4;2;1,5;470.2;0;SA;Yes;;;;;;;;;;;;;;
13/08/2025;09:40;56;A;D2;4;2;1,5;494.9;0;SA;Yes;;;;;;;;;;;;;;
13/08/2025;09:40;56;A;D5;1;5;0,6;343.5;0;SA;Yes;;;;;;;;;;;;;;
13/08/2025;09:40;56;A;D5;1;5;0,6;375.5;0;SA;Yes;;;;;;;;;;;;;;
13/08/2025;09:40;56;A;D5;1;5;0,6;445.8;0;SA;Yes;;;;;;;;;;;;;;
13/08/2025;09:40;56;A;D5;1;5;0,6;333.4;0;SA;Yes;;;;;;;;;;;;;;
13/08/2025;09:40;56;A;D5;1;5;0,6;469.1;0;SA;Yes;;;;;;;;;;;;;;
13/08/2025;09:40;56;A;D5;2;5;0,6;288.5;0;SA;Yes;;;;;;;;;;;;;;
13/08/2025;09:40;56;A;D5;2;5;0,6;372.7;0;SA;Yes;;;;;;;;;;;;;;
13/08/2025;09:40;56;A;D5;2;5;0,6;337.2;0;SA;Yes;;;;;;;;;;;;;;
13/08/2025;09:40;56;A;D5;2;5;0,6;363.9;0;SA;Yes;;;;;;;;;;;;;;
13/08/2025;09:40;56;A;D5;2;5;0,6;332.8;0;SA;Yes;;;;;;;;;;;;;;
13/08/2025;09:40;56;A;D5;3;5;0,6;419.6;0;SA;Yes;;;;;;;;;;;;;;
13/08/2025;09:40;56;A;D5;3;5;0,6;335.0;0;SA;Yes;;;;;;;;;;;;;;
13/08/2025;09:40;56;A;D5;3;5;0,6;397.3;0;SA;Yes;;;;;;;;;;;;;;
13/08/2025;09:40;56;A;D5;3;5;0,6;262.6;0;SA;Yes;;;;;;;;;;;;;;
13/08/2025;09:40;56;A;D5;3;5;0,6;240.6;0;SA;Yes;;;;;;;;;;;;;;
13/08/2025;09:40;56;A;D5;4;5;0,6;378.0;0;SA;Yes;;;;;;;;;;;;;;
13/08/2025;09:40;56;A;D5;4;5;0,6;345.2;0;SA;Yes;;;;;;;;;;;;;;
13/08/2025;09:40;56;A;D5;4;5;0,6;404.3;0;SA;Yes;;;;;;;;;;;;;;
13/08/2025;09:40;56;A;D5;4;5;0,6;232.6;0;SA;Yes;;;;;;;;;;;;;;
13/08/2025;09:40;56;A;D5;4;5;0,6;261.2;0;SA;Yes;;;;;;;;;;;;;;
13/08/2025;09:40;28;B;D7;1;6;0,5;57.0;0;J;No;;;;;;;;;;;;;;
13/08/2025;09:40;28;B;D7;1;6;0,5;97.9;0;J;No;;;;;;;;;;;;;;
13/08/2025;09:40;28;B;D7;1;6;0,5;67.1;0;J;No;;;;;;;;;;;;;;
13/08/2025;09:40;28;B;D7;1;6;0,5;54.0;0;J;No;;;;;;;;;;;;;;
13/08/2025;09:40;28;B;D7;1;6;0,5;106.2;0;J;No;;;;;;;;;;;;;;
13/08/2025;09:40;28;B;D7;1;6;0,5;70.0;0;J;No;;;;;;;;;;;;;;
13/08/2025;09:40;28;B;D7;1;6;0,5;;0;D;No;;;;;;;;;;;;;;
13/08/2025;09:40;56;A;D7;2;7;0,428571429;238.4;0;SA;Yes;;;;;;;;;;;;;;
13/08/2025;09:40;56;A;D7;2;7;0,428571429;278.9;0;SA;Yes;;;;;;;;;;;;;;
13/08/2025;09:40;56;A;D7;2;7;0,428571429;80.1;0;J;Yes;;;;;;;;;;;;;;
13/08/2025;09:40;56;A;D7;2;7;0,428571429;364.8;0;SA;Yes;;;;;;;;;;;;;;
13/08/2025;09:40;56;A;D7;2;7;0,428571429;287.8;0;SA;Yes;;;;;;;;;;;;;;
13/08/2025;09:40;56;A;D7;2;7;0,428571429;383.4;0;SA;Yes;;;;;;;;;;;;;;
13/08/2025;09:40;56;A;D7;2;7;0,428571429;330.0;0;SA;Yes;;;;;;;;;;;;;;
13/08/2025;09:40;56;A;D7;3;6;0,5;343.7;0;SA;No;;;;;;;;;;;;;;
13/08/2025;09:40;56;A;D7;3;6;0,5;336.5;0;SA;No;;;;;;;;;;;;;;
13/08/2025;09:40;56;A;D7;3;6;0,5;337.9;0;SA;No;;;;;;;;;;;;;;
13/08/2025;09:40;56;A;D7;3;6;0,5;335.2;0;SA;No;;;;;;;;;;;;;;
13/08/2025;09:40;56;A;D7;3;6;0,5;98.2;0;J;No;;;;;;;;;;;;;;
13/08/2025;09:40;56;A;D7;3;6;0,5;236.9;0;SA;No;;;;;;;;;;;;;;
13/08/2025;09:40;56;A;D7;3;6;0,5;;0;D;No;;;;;;;;;;;;;;
13/08/2025;09:40;56;A;D7;4;7;0,428571429;313.9;0;SA;Yes;;;;;;;;;;;;;;
13/08/2025;09:40;56;A;D7;4;7;0,428571429;251.0;0;SA;Yes;;;;;;;;;;;;;;
13/08/2025;09:40;56;A;D7;4;7;0,428571429;229.3;0;SA;Yes;;;;;;;;;;;;;;
13/08/2025;09:40;56;A;D7;4;7;0,428571429;375.4;0;SA;Yes;;;;;;;;;;;;;;
13/08/2025;09:40;56;A;D7;4;7;0,428571429;288.0;0;SA;Yes;;;;;;;;;;;;;;
13/08/2025;09:40;56;A;D7;4;7;0,428571429;281.5;0;SA;Yes;;;;;;;;;;;;;;
13/08/2025;09:40;56;A;D7;4;7;0,428571429;166.2;0;J;Yes;;;;;;;;;;;;;;
13/08/2025;09:40;28;B;D2b;1;1;6;50.7;0;J;No;;;;;;;;;;;;;;
13/08/2025;09:40;28;B;D2b;1;1;6;;0;D;No;;;;;;;;;;;;;;
13/08/2025;09:40;28;B;D2b;2;1;6;153.3;0;J;No;;;;;;;;;;;;;;
13/08/2025;09:40;28;B;D2b;2;1;6;;0;D;No;;;;;;;;;;;;;;
13/08/2025;09:40;28;B;D2b;3;2;3;94.7;0;J;Yes;;;;;;;;;;;;;;
13/08/2025;09:40;28;B;D2b;3;2;3;91.8;0;J;Yes;;;;;;;;;;;;;;
13/08/2025;09:40;56;A;D2b;4;2;3;289.5;0;SA;Yes;;;;;;;;;;;;;;
13/08/2025;09:40;56;A;D2b;4;2;3;218.2;0;SA;Yes;;;;;;;;;;;;;;
27/08/2025;11:40;28;A;D1;3;1;3;83.6;0;J;Yes;;;;;;;;;;;;;;
27/08/2025;09:40;42;A;D1;3;1;3;;0;J;No;;;;;;;;;;;;;;
27/08/2025;09:40;56;A;D1;3;1;3;448.4;0;SA;Yes;;;;;;;;;;;;;;
27/08/2025;10:40;70;A;D1;3;1;3;778.5;0;SA;Yes;;;;;;;;;;;;;;
27/08/2025;10:40;70;A;D2;1;2;1,5;649.7;0;SA;Yes;;;;;;;;;;;;;;
27/08/2025;10:40;70;A;D2;1;2;1,5;673.8;0;SA;Yes;;;;;;;;;;;;;;
27/08/2025;10:40;70;A;D2;2;2;1,5;530.6;0;SA;Yes;;;;;;;;;;;;;;
27/08/2025;10:40;70;A;D2;2;2;1,5;602.7;0;SA;Yes;;;;;;;;;;;;;;
27/08/2025;10:40;70;A;D2;3;2;1,5;489.5;0;SA;Yes;;;;;;;;;;;;;;
27/08/2025;10:40;70;A;D2;3;2;1,5;249.8;0;SA;Yes;;;;;;;;;;;;;;
27/08/2025;10:40;70;A;D2;4;2;1,5;856.5;0;SA;Yes;;;;;;;;;;;;;;
27/08/2025;10:40;70;A;D2;4;2;1,5;778.0;0;SA;Yes;;;;;;;;;;;;;;
27/08/2025;10:40;70;A;D5;1;5;0,6;643.1;0;SA;Yes;;;;;;;;;;;;;;
27/08/2025;10:40;70;A;D5;1;5;0,6;521.8;0;SA;Yes;;;;;;;;;;;;;;
27/08/2025;10:40;70;A;D5;1;5;0,6;486.7;0;SA;Yes;;;;;;;;;;;;;;
27/08/2025;10:40;70;A;D5;1;5;0,6;554.3;0;SA;Yes;;;;;;;;;;;;;;
27/08/2025;10:40;70;A;D5;1;5;0,6;664.6;0;SA;Yes;;;;;;;;;;;;;;
27/08/2025;10:40;70;A;D5;2;5;0,6;352.7;0;SA;Yes;;;;;;;;;;;;;;
27/08/2025;10:40;70;A;D5;2;5;0,6;611.4;0;SA;Yes;;;;;;;;;;;;;;
27/08/2025;10:40;70;A;D5;2;5;0,6;469.2;0;SA;Yes;;;;;;;;;;;;;;
27/08/2025;10:40;70;A;D5;2;5;0,6;485.7;0;SA;Yes;;;;;;;;;;;;;;
27/08/2025;10:40;70;A;D5;2;5;0,6;646.3;0;SA;Yes;;;;;;;;;;;;;;
27/08/2025;10:40;70;A;D5;3;5;0,6;674.0;0;SA;Yes;;;;;;;;;;;;;;
27/08/2025;10:40;70;A;D5;3;5;0,6;438.3;0;SA;Yes;;;;;;;;;;;;;;
27/08/2025;10:40;70;A;D5;3;5;0,6;558.2;0;SA;Yes;;;;;;;;;;;;;;
27/08/2025;10:40;70;A;D5;3;5;0,6;448.2;0;SA;Yes;;;;;;;;;;;;;;
27/08/2025;10:40;70;A;D5;3;5;0,6;368.1;0;SA;Yes;;;;;;;;;;;;;;
27/08/2025;10:40;70;A;D5;4;5;0,6;438.0;0;SA;Yes;;;;;;;;;;;;;;
27/08/2025;10:40;70;A;D5;4;5;0,6;404.9;0;SA;Yes;;;;;;;;;;;;;;
27/08/2025;10:40;70;A;D5;4;5;0,6;582.7;0;SA;Yes;;;;;;;;;;;;;;
27/08/2025;10:40;70;A;D5;4;5;0,6;496.4;0;SA;Yes;;;;;;;;;;;;;;
27/08/2025;10:40;70;A;D5;4;5;0,6;604.0;0;SA;Yes;;;;;;;;;;;;;;
27/08/2025;10:40;42;B;D7;1;6;0,5;85.0;0;J;No;No;;;;;;;;;;;;;
27/08/2025;10:40;42;B;D7;1;6;0,5;179.8;0;J;No;No;;;;;;;;;;;;;
27/08/2025;10:40;42;B;D7;1;6;0,5;81.5;0;J;No;No;;;;;;;;;;;;;
27/08/2025;10:40;42;B;D7;1;6;0,5;121.9;0;J;No;No;;;;;;;;;;;;;
27/08/2025;10:40;42;B;D7;1;6;0,5;227.9;0;SA;No;No;;;;;;;;;;;;;
27/08/2025;10:40;42;B;D7;1;6;0,5;116.8;0;J;No;No;;;;;;;;;;;;;
27/08/2025;10:40;42;B;D7;1;6;0,5;;0;D;No;No;;;;;;;;;;;;;
27/08/2025;10:40;70;A;D7;2;6;0,5;341.9;0;DiaC;No;No;Dead in the next time point;;;;;;;;;;;;
27/08/2025;10:40;70;A;D7;2;6;0,5;422.4;0;SA;No;No;;;;;;;;;;;;;
27/08/2025;10:40;70;A;D7;2;6;0,5;492.3;0;SA;No;No;;;;;;;;;;;;;
27/08/2025;10:40;70;A;D7;2;6;0,5;524.3;0;SA;No;No;;;;;;;;;;;;;
27/08/2025;10:40;70;A;D7;2;6;0,5;424.7;0;SA;No;No;;;;;;;;;;;;;
27/08/2025;10:40;70;A;D7;2;6;0,5;446.4;0;SA;No;No;;;;;;;;;;;;;
27/08/2025;10:40;70;A;D7;2;6;0,5;;0;D;No;No;;;;;;;;;;;;;
27/08/2025;10:40;70;A;D7;3;6;0,5;470.4;0;SA;No;No;;;;;;;;;;;;;
27/08/2025;10:40;70;A;D7;3;6;0,5;430.7;0;SA;No;No;;;;;;;;;;;;;
27/08/2025;10:40;70;A;D7;3;6;0,5;354.5;0;SA;No;No;;;;;;;;;;;;;
27/08/2025;10:40;70;A;D7;3;6;0,5;410.1;0;SA;No;No;;;;;;;;;;;;;
27/08/2025;10:40;70;A;D7;3;6;0,5;417.9;0;SA;No;No;;;;;;;;;;;;;
27/08/2025;10:40;70;A;D7;3;6;0,5;162.3;0;J;No;No;;;;;;;;;;;;;
27/08/2025;10:40;70;A;D7;3;6;0,5;;0;D;No;No;;;;;;;;;;;;;
27/08/2025;10:40;70;A;D7;4;7;0,428571429;238.6;0;SA;Yes;Yes;;;;;;;;;;;;;
27/08/2025;10:40;70;A;D7;4;7;0,428571429;440.4;0;SA;Yes;Yes;;;;;;;;;;;;;
27/08/2025;10:40;70;A;D7;4;7;0,428571429;474.3;0;SA;Yes;Yes;;;;;;;;;;;;;
27/08/2025;10:40;70;A;D7;4;7;0,428571429;399.2;0;SA;Yes;Yes;;;;;;;;;;;;;
27/08/2025;10:40;70;A;D7;4;7;0,428571429;395.5;0;SA;Yes;Yes;;;;;;;;;;;;;
27/08/2025;10:40;70;A;D7;4;7;0,428571429;337.4;0;SA;Yes;Yes;;;;;;;;;;;;;
27/08/2025;10:40;70;A;D7;4;7;0,428571429;449.8;0;SA;Yes;Yes;;;;;;;;;;;;;
27/08/2025;10:40;42;B;D2b;1;1;6;121.6;0;J;No;;;;;;;;;;;;;;
27/08/2025;10:40;42;B;D2b;1;1;6;;0;D;No;;;;;;;;;;;;;;
27/08/2025;10:40;42;B;D2b;2;1;6;293.0;0;J;No;;;;;;;;;;;;;;
27/08/2025;10:40;42;B;D2b;2;1;6;;0;D;No;;;;;;;;;;;;;;
27/08/2025;10:40;42;B;D2b;3;2;3;223.6;0;J;Yes;;;;;;;;;;;;;;
27/08/2025;10:40;42;B;D2b;3;2;3;197.8;0;J;Yes;;;;;;;;;;;;;;
27/08/2025;10:40;70;A;D2b;4;2;3;431.6;0;SA;Yes;;;;;;;;;;;;;;
27/08/2025;10:40;70;A;D2b;4;2;3;473.0;0;SA;Yes;;;;;;;;;;;;;;
10/09/2025;09:40;84;A;D1;3;1;3;706.8;0;A;No;;;;;;;;;;;;;;
10/09/2025;14:00;98;A;D1;3;1;3;588,8;0;A;No;;;;;;;;;;;;;;
10/09/2025;10:00;112;A;D1;3;1;3;874.5;0;A;No;;;;;;;;;;;;;;
10/09/2025;09:40:00;84;A;D2;1;2;1,5;847.4;0;A;Yes;;;;;;;;;;;;;;
10/09/2025;09:40:00;84;A;D2;1;2;1,5;721.8;0;A;Yes;;;;;;;;;;;;;;
10/09/2025;09:40:00;84;A;D2;2;2;1,5;924.6;0;A;Yes;;;;;;;;;;;;;;
10/09/2025;09:40:00;84;A;D2;2;2;1,5;726.1;0;A;Yes;;;;;;;;;;;;;;
10/09/2025;09:40:00;84;A;D2;3;2;1,5;690.1;0;A;Yes;;;;;;;;;;;;;;
10/09/2025;09:40:00;84;A;D2;3;2;1,5;423.7;0;SA;Yes;;;;;;;;;;;;;;
10/09/2025;09:40:00;84;A;D2;4;2;1,5;921.7;0;A;Yes;;;;;;;;;;;;;;
10/09/2025;09:40:00;84;A;D2;4;2;1,5;998.8;0;A;Yes;;;;;;;;;;;;;;
10/09/2025;09:40:00;84;A;D5;1;5;0,6;530.9;0;A;Yes;;;;;;;;;;;;;;
10/09/2025;09:40:00;84;A;D5;1;5;0,6;689.2;0;A;Yes;;;;;;;;;;;;;;
10/09/2025;09:40:00;84;A;D5;1;5;0,6;807.5;0;A;Yes;;;;;;;;;;;;;;
10/09/2025;09:40:00;84;A;D5;1;5;0,6;631.9;0;A;Yes;;;;;;;;;;;;;;
10/09/2025;09:40:00;84;A;D5;1;5;0,6;755.5;0;A;Yes;;;;;;;;;;;;;;
10/09/2025;09:40:00;84;A;D5;2;5;0,6;681.6;0;A;Yes;;;;;;;;;;;;;;
10/09/2025;09:40:00;84;A;D5;2;5;0,6;596.8;0;A;Yes;;;;;;;;;;;;;;
10/09/2025;09:40:00;84;A;D5;2;5;0,6;758.6;0;A;Yes;;;;;;;;;;;;;;
10/09/2025;09:40:00;84;A;D5;2;5;0,6;673.7;0;A;Yes;;;;;;;;;;;;;;
10/09/2025;09:40:00;84;A;D5;2;5;0,6;604.3;0;A;Yes;;;;;;;;;;;;;;
10/09/2025;09:40:00;84;A;D5;3;5;0,6;694.0;0;A;Yes;;;;;;;;;;;;;;
10/09/2025;09:40:00;84;A;D5;3;5;0,6;777.1;0;A;Yes;;;;;;;;;;;;;;
10/09/2025;09:40:00;84;A;D5;3;5;0,6;510.6;0;SA;Yes;;;;;;;;;;;;;;
10/09/2025;09:40:00;84;A;D5;3;5;0,6;684.0;0;A;Yes;;;;;;;;;;;;;;
10/09/2025;09:40:00;84;A;D5;3;5;0,6;463.1;0;A;Yes;;;;;;;;;;;;;;
10/09/2025;09:40:00;84;A;D5;4;5;0,6;765.1;0;A;Yes;;;;;;;;;;;;;;
10/09/2025;09:40:00;84;A;D5;4;5;0,6;660.1;0;A;Yes;;;;;;;;;;;;;;
10/09/2025;09:40:00;84;A;D5;4;5;0,6;743.9;0;A;Yes;;;;;;;;;;;;;;
10/09/2025;09:40:00;84;A;D5;4;5;0,6;568.0;0;A;Yes;;;;;;;;;;;;;;
10/09/2025;09:40:00;84;A;D5;4;5;0,6;556.3;0;A;Yes;;;;;;;;;;;;;;
10/09/2025;09:40:00;56;B;D7;1;6;0,5;183.6;0;J;No;;;;;;;;;;;;;;
10/09/2025;09:40:00;56;B;D7;1;6;0,5;262.0;0;J;No;;;;;;;;;;;;;;
10/09/2025;09:40:00;56;B;D7;1;6;0,5;232.9;0;J;No;;;;;;;;;;;;;;
10/09/2025;09:40:00;56;B;D7;1;6;0,5;155.8;0;J;No;;;;;;;;;;;;;;
10/09/2025;09:40:00;56;B;D7;1;6;0,5;400.1;0;SA;No;;;;;;;;;;;;;;
10/09/2025;09:40:00;56;B;D7;1;6;0,5;366.9;0;SA;No;;;;;;;;;;;;;;
10/09/2025;09:40:00;56;B;D7;1;6;0,5;;0;D;No;;;;;;;;;;;;;;
10/09/2025;09:40:00;84;A;D7;2;6;0,5;672.4;0;A;No;;;;;;;;;;;;;;
10/09/2025;09:40:00;84;A;D7;2;6;0,5;567.1;0;A;No;;;;;;;;;;;;;;
10/09/2025;09:40:00;84;A;D7;2;6;0,5;528.7;0;A;No;;;;;;;;;;;;;;
10/09/2025;09:40:00;84;A;D7;2;6;0,5;588.5;0;A;No;;;;;;;;;;;;;;
10/09/2025;09:40:00;84;A;D7;2;6;0,5;647.4;0;A;No;;;;;;;;;;;;;;
10/09/2025;09:40:00;84;A;D7;2;6;0,5;126.2;0;J;No;;;;;;;;;;;;;;
10/09/2025;09:40:00;84;A;D7;2;6;0,5;;0;D;No;;;;;;;;;;;;;;
10/09/2025;09:40:00;84;A;D7;3;6;0,5;652.6;0;A;No;;;;;;;;;;;;;;
10/09/2025;09:40:00;84;A;D7;3;6;0,5;604.9;0;A;No;;;;;;;;;;;;;;
10/09/2025;09:40:00;84;A;D7;3;6;0,5;533.4;0;A;No;;;;;;;;;;;;;;
10/09/2025;09:40:00;84;A;D7;3;6;0,5;603.5;0;A;No;;;;;;;;;;;;;;
10/09/2025;09:40:00;84;A;D7;3;6;0,5;263.5;0;J;No;;;;;;;;;;;;;;
10/09/2025;09:40:00;84;A;D7;3;6;0,5;505.3;0;A;No;;;;;;;;;;;;;;
10/09/2025;09:40:00;84;A;D7;3;6;0,5;;0;D;No;;;;;;;;;;;;;;
10/09/2025;09:40:00;84;A;D7;4;6;0,5;542.7;0;SA;No;;;;;;;;;;;;;;
10/09/2025;09:40:00;84;A;D7;4;6;0,5;336.4;0;J;No;;;;;;;;;;;;;;
10/09/2025;09:40:00;84;A;D7;4;6;0,5;464.0;0;A;No;;;;;;;;;;;;;;
10/09/2025;09:40:00;84;A;D7;4;6;0,5;493.8;0;A;No;;;;;;;;;;;;;;
10/09/2025;09:40:00;84;A;D7;4;6;0,5;602.9;0;A;No;;;;;;;;;;;;;;
10/09/2025;09:40:00;84;A;D7;4;6;0,5;559.5;0;A;No;;;;;;;;;;;;;;
10/09/2025;09:40:00;84;A;D7;4;6;0,5;;0;D;No;;;;;;;;;;;;;;
10/09/2025;09:40:00;56;B;D2b;3;2;3;409.7;0;SA;Yes;;;;;;;;;;;;;;
10/09/2025;09:40:00;56;B;D2b;3;2;3;344.1;0;SA;Yes;;;;;;;;;;;;;;
10/09/2025;09:40:00;84;A;D2b;4;2;3;674.3;0;A;Yes;;;;;;;;;;;;;;
10/09/2025;09:40:00;84;A;D2b;4;2;3;585.3;0;A;Yes;;;;;;;;;;;;;;
24/09/2025;10:00;126;A;D1;3;1;3;1103.1;0;A;No;;;;;;;;;;;;;;
24/09/2025;14:00;140;A;D1;3;1;3;1624.9;0;A;No;;;;;;;;;;;;;;
24/09/2025;14:00:00;98;A;D2;1;2;1,5;1101,7;0;A;Yes;;;;;;;;;;;;;;
24/09/2025;14:00:00;98;A;D2;1;2;1,5;944,9;0;A;Yes;;;;;;;;;;;;;;
24/09/2025;14:00:00;98;A;D2;2;2;1,5;960,9;0;A;Yes;;;;;;;;;;;;;;
24/09/2025;14:00:00;98;A;D2;2;2;1,5;1094,4;0;A;Yes;;;;;;;;;;;;;;
24/09/2025;14:00:00;98;A;D2;3;2;1,5;992,7;0;A;Yes;;;;;;;;;;;;;;
24/09/2025;14:00:00;98;A;D2;3;2;1,5;611,4;0;A;Yes;;;;;;;;;;;;;;
24/09/2025;14:00:00;98;A;D2;4;2;1,5;1047,6;0;A;Yes;;;;;;;;;;;;;;
24/09/2025;14:00:00;98;A;D2;4;2;1,5;1042,3;0;A;Yes;;;;;;;;;;;;;;
24/09/2025;14:00:00;98;A;D5;1;5;0,6;680,2;0;A;Yes;;;;;;;;;;;;;;
24/09/2025;14:00:00;98;A;D5;1;5;0,6;726,4;0;A;Yes;;;;;;;;;;;;;;
24/09/2025;14:00:00;98;A;D5;1;5;0,6;843,5;0;A;Yes;;;;;;;;;;;;;;
24/09/2025;14:00:00;98;A;D5;1;5;0,6;725,9;0;A;Yes;;;;;;;;;;;;;;
24/09/2025;14:00:00;98;A;D5;1;5;0,6;557,1;0;A;Yes;;;;;;;;;;;;;;
24/09/2025;14:00:00;98;A;D5;2;5;0,6;727,7;0;A;Yes;;;;;;;;;;;;;;
24/09/2025;14:00:00;98;A;D5;2;5;0,6;675,9;0;A;Yes;;;;;;;;;;;;;;
24/09/2025;14:00:00;98;A;D5;2;5;0,6;701,9;0;A;Yes;;;;;;;;;;;;;;
24/09/2025;14:00:00;98;A;D5;2;5;0,6;728,2;0;A;Yes;;;;;;;;;;;;;;
24/09/2025;14:00:00;98;A;D5;2;5;0,6;712,2;0;A;Yes;;;;;;;;;;;;;;
24/09/2025;14:00:00;98;A;D5;3;5;0,6;637,4;0;A;Yes;;;;;;;;;;;;;;
24/09/2025;14:00:00;98;A;D5;3;5;0,6;646,3;0;A;Yes;;;;;;;;;;;;;;
24/09/2025;14:00:00;98;A;D5;3;5;0,6;738,7;0;SA;Yes;;;;;;;;;;;;;;
24/09/2025;14:00:00;98;A;D5;3;5;0,6;822,7;0;A;Yes;;;;;;;;;;;;;;
24/09/2025;14:00:00;98;A;D5;3;5;0,6;732,9;0;A;Yes;;;;;;;;;;;;;;
24/09/2025;14:00:00;98;A;D5;4;5;0,6;833;0;A;Yes;;;;;;;;;;;;;;
24/09/2025;14:00:00;98;A;D5;4;5;0,6;657,9;0;A;Yes;;;;;;;;;;;;;;
24/09/2025;14:00:00;98;A;D5;4;5;0,6;654,9;0;A;Yes;;;;;;;;;;;;;;
24/09/2025;14:00:00;98;A;D5;4;5;0,6;657,4;0;A;Yes;;;;;;;;;;;;;;
24/09/2025;14:00:00;98;A;D5;4;5;0,6;833;0;A;Yes;;;;;;;;;;;;;;
24/09/2025;14:00:00;70;B;D7;1;6;0,5;209,1;0;J;No;;;;;;;;;;;;;;
24/09/2025;14:00:00;70;B;D7;1;6;0,5;535,9;0;J;No;;;;;;;;;;;;;;
24/09/2025;14:00:00;70;B;D7;1;6;0,5;394,6;0;J;No;;;;;;;;;;;;;;
24/09/2025;14:00:00;70;B;D7;1;6;0,5;582,8;0;J;No;;;;;;;;;;;;;;
24/09/2025;14:00:00;70;B;D7;1;6;0,5;289,8;0;SA;No;;;;;;;;;;;;;;
24/09/2025;14:00:00;70;B;D7;1;6;0,5;343,2;0;SA;No;;;;;;;;;;;;;;
24/09/2025;14:00:00;70;B;D7;1;6;0,5;;0;D;No;;;;;;;;;;;;;;
24/09/2025;14:00:00;98;A;D7;2;6;0,5;695,7;0;A;No;;;;;;;;;;;;;;
24/09/2025;14:00:00;98;A;D7;2;6;0,5;735,4;0;A;No;;;;;;;;;;;;;;
24/09/2025;14:00:00;98;A;D7;2;6;0,5;614,9;0;A;No;;;;;;;;;;;;;;
24/09/2025;14:00:00;98;A;D7;2;6;0,5;744,7;0;A;No;;;;;;;;;;;;;;
24/09/2025;14:00:00;98;A;D7;2;6;0,5;583,6;0;A;No;;;;;;;;;;;;;;
24/09/2025;14:00:00;98;A;D7;2;6;0,5;118,5;0;J;No;;;;;;;;;;;;;;
24/09/2025;14:00:00;98;A;D7;2;6;0,5;;0;D;No;;;;;;;;;;;;;;
24/09/2025;14:00:00;98;A;D7;3;6;0,5;677,9;0;A;No;;;;;;;;;;;;;;
24/09/2025;14:00:00;98;A;D7;3;6;0,5;476,1;0;A;No;;;;;;;;;;;;;;
24/09/2025;14:00:00;98;A;D7;3;6;0,5;750,2;0;A;No;;;;;;;;;;;;;;
24/09/2025;14:00:00;98;A;D7;3;6;0,5;665,5;0;A;No;;;;;;;;;;;;;;
24/09/2025;14:00:00;98;A;D7;3;6;0,5;604,6;0;J;No;;;;;;;;;;;;;;
24/09/2025;14:00:00;98;A;D7;3;6;0,5;302,7;0;A;No;;;;;;;;;;;;;;
24/09/2025;14:00:00;98;A;D7;3;6;0,5;;0;D;No;;;;;;;;;;;;;;
24/09/2025;14:00:00;98;A;D7;4;6;0,5;579,8;0;SA;No;;;;;;;;;;;;;;
24/09/2025;14:00:00;98;A;D7;4;6;0,5;556,1;0;J;No;;;;;;;;;;;;;;
24/09/2025;14:00:00;98;A;D7;4;6;0,5;635,1;0;A;No;;;;;;;;;;;;;;
24/09/2025;14:00:00;98;A;D7;4;6;0,5;718,8;0;A;No;;;;;;;;;;;;;;
24/09/2025;14:00:00;98;A;D7;4;6;0,5;418,5;0;A;No;;;;;;;;;;;;;;
24/09/2025;14:00:00;98;A;D7;4;6;0,5;538,8;0;A;No;;;;;;;;;;;;;;
24/09/2025;14:00:00;70;B;D2b;3;2;3;598,3;0;SA;Yes;;;;;;;;;;;;;;
24/09/2025;14:00:00;70;B;D2b;3;2;3;653,2;0;SA;Yes;;;;;;;;;;;;;;
24/09/2025;14:00:00;98;A;D2b;4;2;3;850,2;0;A;Yes;;;;;;;;;;;;;;
24/09/2025;14:00:00;98;A;D2b;4;2;3;702,9;0;A;Yes;;;;;;;;;;;;;;
08/10/2025;10:00;154;A;D1;3;1;3;2233.6;0;A;No;;;;;;;;;;;;;;
08/10/2025;13:40;0;A;D1;4;1;3;9,8;0;J;Yes;;;;;;;;;;;;;;
08/10/2025;10:00:00;112;A;D2;1;2;1,5;1190.3;0;A;Yes;;;;;;;;;;;;;;
08/10/2025;10:00:00;112;A;D2;1;2;1,5;1202.2;0;A;Yes;;;;;;;;;;;;;;
08/10/2025;10:00:00;112;A;D2;2;2;1,5;1084.6;0;A;Yes;;;;;;;;;;;;;;
08/10/2025;10:00:00;112;A;D2;2;2;1,5;1202.2;0;A;Yes;;;;;;;;;;;;;;
08/10/2025;10:00:00;112;A;D2;3;2;1,5;724.0;0;A;Yes;;;;;;;;;;;;;;
08/10/2025;10:00:00;112;A;D2;3;2;1,5;1104.4;0;A;Yes;;;;;;;;;;;;;;
08/10/2025;10:00:00;112;A;D2;4;2;1,5;1221.7;0;A;Yes;;;;;;;;;;;;;;
08/10/2025;10:00:00;112;A;D2;4;2;1,5;1172.4;0;A;Yes;;;;;;;;;;;;;;
08/10/2025;10:00:00;112;A;D5;1;5;0,6;756.3;0;A;Yes;;;;;;;;;;;;;;
08/10/2025;10:00:00;112;A;D5;1;5;0,6;927.3;0;A;Yes;;;;;;;;;;;;;;
08/10/2025;10:00:00;112;A;D5;1;5;0,6;806.4;0;A;Yes;;;;;;;;;;;;;;
08/10/2025;10:00:00;112;A;D5;1;5;0,6;819.0;0;A;Yes;;;;;;;;;;;;;;
08/10/2025;10:00:00;112;A;D5;1;5;0,6;610.4;0;A;Yes;;;;;;;;;;;;;;
08/10/2025;10:00:00;112;A;D5;2;5;0,6;834.7;0;A;Yes;;;;;;;;;;;;;;
08/10/2025;10:00:00;112;A;D5;2;5;0,6;858.1;0;A;Yes;;;;;;;;;;;;;;
08/10/2025;10:00:00;112;A;D5;2;5;0,6;847.4;0;A;Yes;;;;;;;;;;;;;;
08/10/2025;10:00:00;112;A;D5;2;5;0,6;853.3;0;A;Yes;;;;;;;;;;;;;;
08/10/2025;10:00:00;112;A;D5;2;5;0,6;837.5;0;A;Yes;;;;;;;;;;;;;;
08/10/2025;10:00:00;112;A;D5;3;5;0,6;781.1;0;A;Yes;;;;;;;;;;;;;;
08/10/2025;10:00:00;112;A;D5;3;5;0,6;816.7;0;A;Yes;;;;;;;;;;;;;;
08/10/2025;10:00:00;112;A;D5;3;5;0,6;747.2;0;A;Yes;;;;;;;;;;;;;;
08/10/2025;10:00:00;112;A;D5;3;5;0,6;743.7;0;A;Yes;;;;;;;;;;;;;;
08/10/2025;10:00:00;112;A;D5;3;5;0,6;808.1;0;A;Yes;;;;;;;;;;;;;;
08/10/2025;10:00:00;112;A;D5;4;5;0,6;1049.2;0;A;Yes;;;;;;;;;;;;;;
08/10/2025;10:00:00;112;A;D5;4;5;0,6;847.7;0;A;Yes;;;;;;;;;;;;;;
08/10/2025;10:00:00;112;A;D5;4;5;0,6;880.9;0;A;Yes;;;;;;;;;;;;;;
08/10/2025;10:00:00;112;A;D5;4;5;0,6;732.7;0;A;Yes;;;;;;;;;;;;;;
08/10/2025;10:00:00;112;A;D5;4;5;0,6;1112.3;0;A;Yes;;;;;;;;;;;;;;
08/10/2025;10:00:00;84;B;D7;1;6;0,5;311.3;0;A;No;;;;;;;;;;;;;;
08/10/2025;10:00:00;84;B;D7;1;6;0,5;352.8;0;A;No;;;;;;;;;;;;;;
08/10/2025;10:00:00;84;B;D7;1;6;0,5;761.8;0;A;No;;;;;;;;;;;;;;
08/10/2025;10:00:00;84;B;D7;1;6;0,5;750.8;0;A;No;;;;;;;;;;;;;;
08/10/2025;10:00:00;84;B;D7;1;6;0,5;571.5;0;A;No;;;;;;;;;;;;;;
08/10/2025;10:00:00;84;B;D7;1;6;0,5;543.1;0;A;No;;;;;;;;;;;;;;
08/10/2025;10:00:00;112;A;D7;2;6;0,5;870.7;0;A;No;;;;;;;;;;;;;;
08/10/2025;10:00:00;112;A;D7;2;6;0,5;813.4;0;A;No;;;;;;;;;;;;;;
08/10/2025;10:00:00;112;A;D7;2;6;0,5;679.4;0;A;No;;;;;;;;;;;;;;
08/10/2025;10:00:00;112;A;D7;2;6;0,5;676.1;0;A;No;;;;;;;;;;;;;;
08/10/2025;10:00:00;112;A;D7;2;6;0,5;836.6;0;A;No;;;;;;;;;;;;;;
08/10/2025;10:00:00;112;A;D7;2;6;0,5;174.5;0;A;No;;;;;;;;;;;;;;
08/10/2025;10:00:00;112;A;D7;3;6;0,5;712.6;0;A;No;;;;;;;;;;;;;;
08/10/2025;10:00:00;112;A;D7;3;6;0,5;616.0;0;A;No;;;;;;;;;;;;;;
08/10/2025;10:00:00;112;A;D7;3;6;0,5;781.6;0;A;No;;;;;;;;;;;;;;
08/10/2025;10:00:00;112;A;D7;3;6;0,5;439.1;0;A;No;;;;;;;;;;;;;;
08/10/2025;10:00:00;112;A;D7;3;6;0,5;734.7;0;A;No;;;;;;;;;;;;;;
08/10/2025;10:00:00;112;A;D7;3;6;0,5;950.9;0;A;No;;;;;;;;;;;;;;
08/10/2025;10:00:00;112;A;D7;4;6;0,5;522.2;0;A;No;;;;;;;;;;;;;;
08/10/2025;10:00:00;112;A;D7;4;6;0,5;832.0;0;A;No;;;;;;;;;;;;;;
08/10/2025;10:00:00;112;A;D7;4;6;0,5;606.6;0;A;No;;;;;;;;;;;;;;
08/10/2025;10:00:00;112;A;D7;4;6;0,5;587.4;0;A;No;;;;;;;;;;;;;;
08/10/2025;10:00:00;112;A;D7;4;6;0,5;629.1;0;A;No;;;;;;;;;;;;;;
08/10/2025;10:00:00;112;A;D7;4;6;0,5;713.1;0;A;No;;;;;;;;;;;;;;
08/10/2025;10:00:00;84;B;D2b;3;2;3;814.3;0;A;Yes;;;;;;;;;;;;;;
08/10/2025;10:00:00;84;B;D2b;3;2;3;842.1;0;A;Yes;;;;;;;;;;;;;;
08/10/2025;10:00:00;112;A;D2b;4;2;3;747.1;0;A;Yes;;;;;;;;;;;;;;
08/10/2025;10:00:00;112;A;D2b;4;2;3;1010.6;0;A;Yes;;;;;;;;;;;;;;
22/10/2025;10:45;14;A;D1;4;1;3;43.3;0;J;Yes;;;;;;;;;;;;;;
22/10/2025;11:40;28;A;D1;4;1;3;131.9;0;J;Yes;;;;;;;;;;;;;;
22/10/2025;10:00:00;126;A;D2;1;2;1,5;1367.2;0;A;Yes;;;;;;;;;;;;;;
22/10/2025;10:00:00;126;A;D2;1;2;1,5;1151.9;0;A;Yes;;;;;;;;;;;;;;
22/10/2025;10:00:00;126;A;D2;2;2;1,5;1089.5;0;A;Yes;;;;;;;;;;;;;;
22/10/2025;10:00:00;126;A;D2;2;2;1,5;1213.0;0;A;Yes;;;;;;;;;;;;;;
22/10/2025;10:00:00;126;A;D2;3;2;1,5;1116.7;0;A;Yes;;;;;;;;;;;;;;
22/10/2025;10:00:00;126;A;D2;3;2;1,5;727.2;0;A;Yes;;;;;;;;;;;;;;
22/10/2025;10:00:00;126;A;D2;4;2;1,5;1293.9;0;A;Yes;;;;;;;;;;;;;;
22/10/2025;10:00:00;126;A;D2;4;2;1,5;1073.7;0;A;Yes;;;;;;;;;;;;;;
22/10/2025;10:00:00;126;A;D5;1;5;0,6;837.2;0;A;Yes;;;;;;;;;;;;;;
22/10/2025;10:00:00;126;A;D5;1;5;0,6;941.0;0;A;Yes;;;;;;;;;;;;;;
22/10/2025;10:00:00;126;A;D5;1;5;0,6;619.1;0;A;Yes;;;;;;;;;;;;;;
22/10/2025;10:00:00;126;A;D5;1;5;0,6;742.2;0;A;Yes;;;;;;;;;;;;;;
22/10/2025;10:00:00;126;A;D5;1;5;0,6;719.0;0;A;Yes;;;;;;;;;;;;;;
22/10/2025;10:00:00;126;A;D5;2;5;0,6;792.5;0;A;Yes;;;;;;;;;;;;;;
22/10/2025;10:00:00;126;A;D5;2;5;0,6;1038.6;0;A;Yes;;;;;;;;;;;;;;
22/10/2025;10:00:00;126;A;D5;2;5;0,6;746.9;0;A;Yes;;;;;;;;;;;;;;
22/10/2025;10:00:00;126;A;D5;2;5;0,6;880.5;0;A;Yes;;;;;;;;;;;;;;
22/10/2025;10:00:00;126;A;D5;2;5;0,6;793.6;0;A;Yes;;;;;;;;;;;;;;
22/10/2025;10:00:00;126;A;D5;3;5;0,6;813.6;0;A;Yes;;;;;;;;;;;;;;
22/10/2025;10:00:00;126;A;D5;3;5;0,6;802.3;0;A;Yes;;;;;;;;;;;;;;
22/10/2025;10:00:00;126;A;D5;3;5;0,6;728.0;0;A;Yes;;;;;;;;;;;;;;
22/10/2025;10:00:00;126;A;D5;3;5;0,6;814.3;0;A;Yes;;;;;;;;;;;;;;
22/10/2025;10:00:00;126;A;D5;3;5;0,6;793.6;0;A;Yes;;;;;;;;;;;;;;
22/10/2025;10:00:00;126;A;D5;4;5;0,6;1225.5;0;A;Yes;;;;;;;;;;;;;;
22/10/2025;10:00:00;126;A;D5;4;5;0,6;842.5;0;A;Yes;;;;;;;;;;;;;;
22/10/2025;10:00:00;126;A;D5;4;5;0,6;751.0;0;A;Yes;;;;;;;;;;;;;;
22/10/2025;10:00:00;126;A;D5;4;5;0,6;1250.5;0;A;Yes;;;;;;;;;;;;;;
22/10/2025;10:00:00;126;A;D5;4;5;0,6;925.3;0;A;Yes;;;;;;;;;;;;;;
22/10/2025;10:00:00;98;B;D7;1;5;0,6;629.0;0;A;No;;;;;;;;;;;;;;
22/10/2025;10:00:00;98;B;D7;1;5;0,6;647.7;0;A;No;;;;;;;;;;;;;;
22/10/2025;10:00:00;98;B;D7;1;5;0,6;745.0;0;A;No;;;;;;;;;;;;;;
22/10/2025;10:00:00;98;B;D7;1;5;0,6;443.1;0;A;No;;;;;;;;;;;;;;
22/10/2025;10:00:00;98;B;D7;1;5;0,6;387.8;0;A;No;;;;;;;;;;;;;;
22/10/2025;10:00:00;126;A;D7;2;6;0,5;983.6;0;A;No;;;;;;;;;;;;;;
22/10/2025;10:00:00;126;A;D7;2;6;0,5;644.0;0;A;No;;;;;;;;;;;;;;
22/10/2025;10:00:00;126;A;D7;2;6;0,5;649.1;0;A;No;;;;;;;;;;;;;;
22/10/2025;10:00:00;126;A;D7;2;6;0,5;820.6;0;A;No;;;;;;;;;;;;;;
22/10/2025;10:00:00;126;A;D7;2;6;0,5;749.5;0;A;No;;;;;;;;;;;;;;
22/10/2025;10:00:00;126;A;D7;2;6;0,5;202.6;0;J;No;;;;;;;;;;;;;;
22/10/2025;10:00:00;126;A;D7;3;6;0,5;1012.6;0;A;No;;;;;;;;;;;;;;
22/10/2025;10:00:00;126;A;D7;3;6;0,5;569.5;0;A;No;;;;;;;;;;;;;;
22/10/2025;10:00:00;126;A;D7;3;6;0,5;719.9;0;A;No;;;;;;;;;;;;;;
22/10/2025;10:00:00;126;A;D7;3;6;0,5;470.8;0;A;No;;;;;;;;;;;;;;
22/10/2025;10:00:00;126;A;D7;3;6;0,5;696.3;0;A;No;;;;;;;;;;;;;;
22/10/2025;10:00:00;126;A;D7;3;6;0,5;782.0;0;A;No;;;;;;;;;;;;;;
22/10/2025;10:00:00;126;A;D7;4;6;0,5;602.8;0;A;No;;;;;;;;;;;;;;
22/10/2025;10:00:00;126;A;D7;4;6;0,5;505.2;0;A;No;;;;;;;;;;;;;;
22/10/2025;10:00:00;126;A;D7;4;6;0,5;565.8;0;A;No;;;;;;;;;;;;;;
22/10/2025;10:00:00;126;A;D7;4;6;0,5;603.5;0;A;No;;;;;;;;;;;;;;
22/10/2025;10:00:00;126;A;D7;4;6;0,5;784.8;0;A;No;;;;;;;;;;;;;;
22/10/2025;10:00:00;126;A;D7;4;6;0,5;634.1;0;A;No;;;;;;;;;;;;;;
22/10/2025;10:00:00;98;B;D2b;3;2;3;1046.8;0;A;Yes;;;;;;;;;;;;;;
22/10/2025;10:00:00;98;B;D2b;3;2;3;841.1;0;A;Yes;;;;;;;;;;;;;;
22/10/2025;10:00:00;126;A;D2b;4;2;3;1223.1;0;A;Yes;;;;;;;;;;;;;;
22/10/2025;10:00:00;126;A;D2b;4;2;3;689.0;0;A;Yes;;;;;;;;;;;;;;
05/11/2025;09:40;42;A;D1;4;1;3;276.4;0;J;Yes;;;;;;;;;;;;;;
05/11/2025;09:40;56;A;D1;4;1;3;537.0;0;SA;Yes;;;;;;;;;;;;;;
05/11/2025;14:00:00;140;A;D2;1;2;1,5;1606.2;0;A;Yes;;;;;;;;;;;;;;
05/11/2025;14:00:00;140;A;D2;1;2;1,5;1286.7;0;A;Yes;;;;;;;;;;;;;;
05/11/2025;14:00:00;140;A;D2;2;2;1,5;1351.3;0;A;Yes;;;;;;;;;;;;;;
05/11/2025;14:00:00;140;A;D2;2;2;1,5;1402.8;0;A;Yes;;;;;;;;;;;;;;
05/11/2025;14:00:00;140;A;D2;3;2;1,5;1182.3;0;A;Yes;;;;;;;;;;;;;;
05/11/2025;14:00:00;140;A;D2;3;2;1,5;771.2;0;A;Yes;;;;;;;;;;;;;;
05/11/2025;14:00:00;140;A;D2;4;2;1,5;1351.9;0;A;Yes;;;;;;;;;;;;;;
05/11/2025;14:00:00;140;A;D2;4;2;1,5;1259.2;0;A;Yes;;;;;;;;;;;;;;
05/11/2025;14:00:00;140;A;D5;1;5;0,6;808.4;0;A;Yes;;;;;;;;;;;;;;
05/11/2025;14:00:00;140;A;D5;1;5;0,6;995.1;0;A;Yes;;;;;;;;;;;;;;
05/11/2025;14:00:00;140;A;D5;1;5;0,6;908.5;0;A;Yes;;;;;;;;;;;;;;
05/11/2025;14:00:00;140;A;D5;1;5;0,6;838.8;0;A;Yes;;;;;;;;;;;;;;
05/11/2025;14:00:00;140;A;D5;1;5;0,6;639.6;0;A;Yes;;;;;;;;;;;;;;
05/11/2025;14:00:00;140;A;D5;2;5;0,6;852.8;0;A;Yes;;;;;;;;;;;;;;
05/11/2025;14:00:00;140;A;D5;2;5;0,6;907.1;0;A;Yes;;;;;;;;;;;;;;
05/11/2025;14:00:00;140;A;D5;2;5;0,6;694.3;0;A;Yes;;;;;;;;;;;;;;
05/11/2025;14:00:00;140;A;D5;2;5;0,6;771.7;0;A;Yes;;;;;;;;;;;;;;
05/11/2025;14:00:00;140;A;D5;2;5;0,6;1044.2;0;A;Yes;;;;;;;;;;;;;;
05/11/2025;14:00:00;140;A;D5;3;5;0,6;889.1;0;A;Yes;;;;;;;;;;;;;;
05/11/2025;14:00:00;140;A;D5;3;5;0,6;779.9;0;A;Yes;;;;;;;;;;;;;;
05/11/2025;14:00:00;140;A;D5;3;5;0,6;726.7;0;A;Yes;;;;;;;;;;;;;;
05/11/2025;14:00:00;140;A;D5;3;5;0,6;755.0;0;A;Yes;;;;;;;;;;;;;;
05/11/2025;14:00:00;140;A;D5;3;5;0,6;745.3;0;A;Yes;;;;;;;;;;;;;;
05/11/2025;14:00:00;140;A;D5;4;5;0,6;1404.9;0;A;Yes;;;;;;;;;;;;;;
05/11/2025;14:00:00;140;A;D5;4;5;0,6;1366.6;0;A;Yes;;;;;;;;;;;;;;
05/11/2025;14:00:00;140;A;D5;4;5;0,6;1129.6;0;A;Yes;;;;;;;;;;;;;;
05/11/2025;14:00:00;140;A;D5;4;5;0,6;732.7;0;A;Yes;;;;;;;;;;;;;;
05/11/2025;14:00:00;140;A;D5;4;5;0,6;945.5;0;A;Yes;;;;;;;;;;;;;;
05/11/2025;14:00:00;112;B;D7;1;5;0,6;696.8;0;A;No;;;;;;;;;;;;;;
05/11/2025;14:00:00;112;B;D7;1;5;0,6;729.5;0;A;No;;;;;;;;;;;;;;
05/11/2025;14:00:00;112;B;D7;1;5;0,6;794.6;0;A;No;;;;;;;;;;;;;;
05/11/2025;14:00:00;112;B;D7;1;5;0,6;471.1;0;A;No;;;;;;;;;;;;;;
05/11/2025;14:00:00;112;B;D7;1;5;0,6;446.4;0;A;No;;;;;;;;;;;;;;
05/11/2025;14:00:00;140;A;D7;2;6;0,5;842.5;0;A;No;;;;;;;;;;;;;;
05/11/2025;14:00:00;140;A;D7;2;6;0,5;662.9;0;A;No;;;;;;;;;;;;;;
05/11/2025;14:00:00;140;A;D7;2;6;0,5;1122.5;0;A;No;;;;;;;;;;;;;;
05/11/2025;14:00:00;140;A;D7;2;6;0,5;872.8;0;A;No;;;;;;;;;;;;;;
05/11/2025;14:00:00;140;A;D7;2;6;0,5;669.1;0;A;No;;;;;;;;;;;;;;
05/11/2025;14:00:00;140;A;D7;2;6;0,5;183.9;0;J;No;;;;;;;;;;;;;;
05/11/2025;14:00:00;140;A;D7;3;6;0,5;903.4;0;A;No;;;;;;;;;;;;;;
05/11/2025;14:00:00;140;A;D7;3;6;0,5;737.1;0;A;No;;;;;;;;;;;;;;
05/11/2025;14:00:00;140;A;D7;3;6;0,5;525.8;0;A;No;;;;;;;;;;;;;;
05/11/2025;14:00:00;140;A;D7;3;6;0,5;470.0;0;A;No;;;;;;;;;;;;;;
05/11/2025;14:00:00;140;A;D7;3;6;0,5;704.9;0;A;No;;;;;;;;;;;;;;
05/11/2025;14:00:00;140;A;D7;3;6;0,5;696.6;0;A;No;;;;;;;;;;;;;;
05/11/2025;14:00:00;140;A;D7;4;6;0,5;577.2;0;A;No;;;;;;;;;;;;;;
05/11/2025;14:00:00;140;A;D7;4;6;0,5;663.4;0;A;No;;;;;;;;;;;;;;
05/11/2025;14:00:00;140;A;D7;4;6;0,5;572.8;0;A;No;;;;;;;;;;;;;;
05/11/2025;14:00:00;140;A;D7;4;6;0,5;560.0;0;A;No;;;;;;;;;;;;;;
05/11/2025;14:00:00;140;A;D7;4;6;0,5;603.9;0;A;No;;;;;;;;;;;;;;
05/11/2025;14:00:00;140;A;D7;4;6;0,5;827.8;0;A;No;;;;;;;;;;;;;;
05/11/2025;14:00:00;112;B;D2b;3;2;3;1202.6;0;A;Yes;;;;;;;;;;;;;;
05/11/2025;14:00:00;112;B;D2b;3;2;3;1161.1;0;A;Yes;;;;;;;;;;;;;;
05/11/2025;14:00:00;140;A;D2b;4;2;3;1336.4;0;A;Yes;;;;;;;;;;;;;;
05/11/2025;14:00:00;140;A;D2b;4;2;3;682.7;0;A;Yes;;;;;;;;;;;;;;
19/11/2025;10:40;70;A;D1;4;1;3;710.3;0;SA;Yes;;;;;;;;;;;;;;
19/11/2025;09:40;84;A;D1;4;1;3;;0;SAC;Yes;;;;;;;;;;;;;;
19/11/2025;10:00:00;154;A;D2;1;2;1,5;1499,1;0;A;Yes;;;;;;;;;;;;;;
19/11/2025;10:00:00;154;A;D2;1;2;1,5;981;0;A;Yes;;;;;;;;;;;;;;
19/11/2025;10:00:00;154;A;D2;2;2;1,5;1224,9;0;A;Yes;;;;;;;;;;;;;;
19/11/2025;10:00:00;154;A;D2;2;2;1,5;1261;0;A;Yes;;;;;;;;;;;;;;
19/11/2025;10:00:00;154;A;D2;3;2;1,5;687,8;0;A;Yes;;;;;;;;;;;;;;
19/11/2025;10:00:00;154;A;D2;3;2;1,5;999,4;0;A;Yes;;;;;;;;;;;;;;
19/11/2025;10:00:00;154;A;D2;4;2;1,5;944,2;0;A;Yes;;;;;;;;;;;;;;
19/11/2025;10:00:00;154;A;D2;4;2;1,5;1126,4;0;A;Yes;;;;;;;;;;;;;;
19/11/2025;10:00:00;154;A;D5;1;5;0,6;904,5;0;A;Yes;;;;;;;;;;;;;;
19/11/2025;10:00:00;154;A;D5;1;5;0,6;569,7;0;A;Yes;;;;;;;;;;;;;;
19/11/2025;10:00:00;154;A;D5;1;5;0,6;633,3;0;A;Yes;;;;;;;;;;;;;;
19/11/2025;10:00:00;154;A;D5;1;5;0,6;802,4;0;A;Yes;;;;;;;;;;;;;;
19/11/2025;10:00:00;154;A;D5;1;5;0,6;654,8;0;A;Yes;;;;;;;;;;;;;;
19/11/2025;13:49:00;154;A;D5;2;5;0,6;1065,1;0;A;Yes;;;;;;;;;;;;;;
19/11/2025;13:49:00;154;A;D5;2;5;0,6;682,3;0;A;Yes;;;;;;;;;;;;;;
19/11/2025;13:49:00;154;A;D5;2;5;0,6;764,1;0;A;Yes;;;;;;;;;;;;;;
19/11/2025;13:49:00;154;A;D5;2;5;0,6;809,4;0;A;Yes;;;;;;;;;;;;;;
19/11/2025;13:49:00;154;A;D5;2;5;0,6;748,7;0;A;Yes;;;;;;;;;;;;;;
19/11/2025;13:49:00;154;A;D5;3;5;0,6;681,7;0;A;Yes;;;;;;;;;;;;;;
19/11/2025;13:49:00;154;A;D5;3;5;0,6;677,2;0;A;Yes;;;;;;;;;;;;;;
19/11/2025;13:49:00;154;A;D5;3;5;0,6;728;0;A;Yes;;;;;;;;;;;;;;
19/11/2025;13:49:00;154;A;D5;3;5;0,6;822;0;A;Yes;;;;;;;;;;;;;;
19/11/2025;13:49:00;154;A;D5;3;5;0,6;751,9;0;A;Yes;;;;;;;;;;;;;;
19/11/2025;13:49:00;154;A;D5;4;5;0,6;1262,2;0;A;Yes;;;;;;;;;;;;;;
19/11/2025;13:49:00;154;A;D5;4;5;0,6;1407,2;0;A;Yes;;;;;;;;;;;;;;
19/11/2025;13:49:00;154;A;D5;4;5;0,6;991,3;0;A;Yes;;;;;;;;;;;;;;
19/11/2025;13:49:00;154;A;D5;4;5;0,6;688,2;0;A;Yes;;;;;;;;;;;;;;
19/11/2025;13:49:00;154;A;D5;4;5;0,6;1307,3;0;A;Yes;;;;;;;;;;;;;;
19/11/2025;13:49:00;126;B;D7;1;5;0,6;727;0;A;No;;;;;;;;;;;;;;
19/11/2025;13:49:00;126;B;D7;1;5;0,6;487,7;0;A;No;;;;;;;;;;;;;;
19/11/2025;13:49:00;126;B;D7;1;5;0,6;705,8;0;A;No;;;;;;;;;;;;;;
19/11/2025;13:49:00;126;B;D7;1;5;0,6;748,5;0;A;No;;;;;;;;;;;;;;
19/11/2025;13:49:00;126;B;D7;1;5;0,6;462,2;0;A;No;;;;;;;;;;;;;;
19/11/2025;13:49:00;154;A;D7;2;6;0,5;1074,5;0;A;No;;;;;;;;;;;;;;
19/11/2025;13:49:00;154;A;D7;2;6;0,5;552,2;0;A;No;;;;;;;;;;;;;;
19/11/2025;13:49:00;154;A;D7;2;6;0,5;689,4;0;A;No;;;;;;;;;;;;;;
19/11/2025;13:49:00;154;A;D7;2;6;0,5;603;0;A;No;;;;;;;;;;;;;;
19/11/2025;13:49:00;154;A;D7;2;6;0,5;514,5;0;A;No;;;;;;;;;;;;;;
19/11/2025;13:49:00;154;A;D7;2;6;0,5;185,8;0;J;No;;;;;;;;;;;;;;
19/11/2025;13:49:00;154;A;D7;3;6;0,5;445,7;0;A;No;;;;;;;;;;;;;;
19/11/2025;13:49:00;154;A;D7;3;6;0,5;699,1;0;A;No;;;;;;;;;;;;;;
19/11/2025;13:49:00;154;A;D7;3;6;0,5;541,5;0;A;No;;;;;;;;;;;;;;
19/11/2025;13:49:00;154;A;D7;3;6;0,5;743,9;0;A;No;;;;;;;;;;;;;;
19/11/2025;13:49:00;154;A;D7;3;6;0,5;732,8;0;A;No;;;;;;;;;;;;;;
19/11/2025;13:49:00;154;A;D7;3;6;0,5;937,1;0;A;No;;;;;;;;;;;;;;
19/11/2025;13:49:00;154;A;D7;4;6;0,5;438,6;0;A;No;;;;;;;;;;;;;;
19/11/2025;13:49:00;154;A;D7;4;6;0,5;727,8;0;A;No;;;;;;;;;;;;;;
19/11/2025;13:49:00;154;A;D7;4;6;0,5;446,2;0;A;No;;;;;;;;;;;;;;
19/11/2025;13:49:00;154;A;D7;4;6;0,5;571,2;0;A;No;;;;;;;;;;;;;;
19/11/2025;13:49:00;154;A;D7;4;6;0,5;569,9;0;A;No;;;;;;;;;;;;;;
19/11/2025;13:49:00;154;A;D7;4;6;0,5;467,6;0;A;No;;;;;;;;;;;;;;
19/11/2025;10:00:00;126;B;D2b;3;2;3;1073,8;0;A;Yes;;;;;;;;;;;;;;
19/11/2025;10:00:00;126;B;D2b;3;2;3;1018,9;0;A;Yes;;;;;;;;;;;;;;
19/11/2025;10:00:00;154;A;D2b;4;2;3;1190,8;0;A;Yes;;;;;;;;;;;;;;
19/11/2025;10:00:00;154;A;D2b;4;2;3;653,7;0;A;Yes;;;;;;;;;;;;;;